First, Last, Email, Country, IP
Catherine,Swanson,urtuaji@foc.br,BS,26.202.99.127
Jose,Morrison,ge@rize.tt,BI,248.14.42.67
Brian,Norton,ib@mojog.ir,IM,219.216.207.152
Elmer,Barton,mi@adocreb.hk,TW,49.44.182.230
Jeff,McKinney,ruv@edwa.mm,IE,52.226.26.202
Lucas,Clarke,wamuk@rapido.mu,TL,210.217.49.99
Douglas,Haynes,sir@wijuc.gh,AR,174.245.4.26
Alan,Roberts,be@micic.tc,GU,247.66.16.237
Lora,Fleming,mefanle@oneapavo.gt,OM,230.93.8.249
Lily,Bell,jiwuhih@vejzeuc.sk,BS,121.86.111.190
Zachary,Boyd,go@esa.mh,LS,24.195.143.51
Matthew,Mathis,tur@vinaja.fo,TN,87.159.222.203
Olivia,Johnston,enoerliz@ik.bi,GT,103.72.234.11
Catherine,Atkins,eg@lof.im,SV,240.50.15.163
John,Fields,kerovofa@tigehnoj.dj,ES,143.151.7.183
Henry,Steele,vow@zi.hm,CO,146.146.109.238
Emma,Gonzales,itaavekun@epfudwom.net,LU,44.21.178.221
Eugene,Norton,iwossuv@ic.mn,CG,128.73.207.59
Jeffrey,Rivera,huw@ejdameva.cw,ER,62.168.102.246
Charles,Nunez,jibdevmar@gi.rw,GL,187.0.98.205
Marcus,Singleton,zo@pitsajguc.vi,CH,25.26.57.67
Anne,Grant,okcojemu@wo.mv,GW,218.213.233.146
Annie,Farmer,rawho@ef.tl,AR,182.96.185.140
Leila,Burns,ejojazhuc@okbom.tl,DE,116.182.74.129
Pearl,Moore,jajo@vosujov.kh,GT,238.47.40.234
Jacob,Haynes,fime@iva.tl,TM,197.168.215.216
Frank,Hart,he@nisape.bm,CI,160.77.3.135
Bessie,Hines,or@agmumgit.gf,SH,174.160.176.71
Francis,Henderson,lu@kenu.vu,CD,220.85.157.48
Mary,Zimmerman,padikla@zok.sx,OM,78.117.103.195
Elnora,Richardson,ar@dupzigu.ck,DO,213.6.165.4
Willie,Ray,vaise@uj.np,KN,68.28.4.196
Adelaide,Hammond,zo@toc.net,UY,89.12.225.166
Lela,Pope,jitizicad@to.mx,TA,113.116.225.128
Bertha,Hughes,rocepev@uknera.uk,TK,25.8.94.59
Lela,Rogers,elwajgu@binuka.nr,EE,131.109.137.155
Chris,Duncan,pebe@coggemo.ke,BW,138.103.39.16
Sue,Evans,te@pugvo.hn,CL,167.45.165.228
Winnie,Gray,gi@uv.uk,CI,148.218.10.198
Olga,Richards,tozatca@jizfiza.nu,AF,40.55.186.230
Beulah,Todd,obpun@wila.li,MP,186.164.238.181
Donald,McBride,vi@viarule.mm,ZA,131.140.194.229
Clarence,Sparks,tu@ecigo.vn,AE,224.34.250.146
Shane,Goodman,taj@locijles.ba,PK,183.42.200.159
Norman,Graves,zoet@geaw.ro,DE,131.228.29.97
Edwin,Marshall,okiweplup@rafus.fj,CV,144.68.87.34
Ruth,Moss,bafze@dinu.cw,TO,136.243.164.250
Cordelia,McBride,ewoat@tu.io,IC,16.199.197.18
Cecilia,Norman,redrolo@zo.gm,MD,200.201.144.7
Jesus,Oliver,unime@dotdub.bf,FM,176.29.173.220
Samuel,Clayton,raradaf@esu.bn,CD,193.229.81.108
Adeline,Hawkins,izo@bamu.pa,CH,156.118.90.117
Francis,Thompson,sorub@cawuw.gs,PH,162.238.35.231
Gene,Sandoval,wehe@jojotefep.tm,TT,87.147.125.6
Jared,Kim,kejcitof@fifejfav.gr,TV,249.218.42.69
Lucille,Hanson,tuwa@dohhukfiw.lu,MZ,124.134.57.10
Adele,Bridges,ozoip@vicatu.dm,LI,249.178.107.244
Amanda,Mendoza,sifoh@sohhiuso.gr,ES,218.223.210.211
Fannie,Shaw,guubzu@vom.nf,GL,123.182.172.158
Pauline,Graves,cimfise@lacnib.ki,MU,202.100.190.31
Gerald,Hawkins,ta@lojekelem.net,MZ,142.43.194.225
Maggie,Hill,um@ludgiwvo.mh,FK,198.194.26.243
Isabel,Palmer,vuzuvve@waggica.gf,JE,250.90.38.194
Micheal,Roberson,lir@tosohe.io,AT,18.109.152.26
Hettie,Hammond,ih@tavzoj.ae,PS,218.89.207.233
Floyd,Collins,buhola@ocijeuli.py,CR,35.27.209.249
Jane,Munoz,dujozi@uwdi.bm,LS,26.38.94.112
Lester,Carroll,gevwa@leho.pr,GE,196.115.157.49
Elnora,Rodgers,kemeblob@tiezfa.cd,AX,213.177.130.151
Jeanette,Gutierrez,tuwluzceg@du.sv,SE,146.175.109.104
Jesus,Harmon,eztipil@jiowadul.md,AC,139.118.171.23
Victor,Hogan,vegabaop@rudwilav.de,AF,239.157.16.227
Essie,Alexander,zomvaeca@jahulo.sk,AD,24.149.18.77
Fannie,Simmons,sama@hajko.mu,KN,213.105.149.113
Steve,Gill,dapejo@vanokam.gp,DK,104.204.139.83
Delia,Simpson,huhuh@kow.pw,PW,210.195.93.244
Richard,Stokes,gadfoz@notowiih.fm,VU,44.164.16.118
Vera,Salazar,iv@ijuad.sz,GS,49.55.34.122
Catherine,Guerrero,abucodes@humuvo.ca,JP,47.122.227.89
Mario,McKinney,tow@pauczi.eh,SG,200.118.15.132
Mark,Simon,hujuppik@hocpad.bd,LA,125.50.55.76
Ora,Harvey,pazzavvi@rejigpo.pa,BW,77.205.37.105
Benjamin,Meyer,cehigo@mi.cu,SB,24.6.251.249
Sylvia,Bowers,za@ro.gw,KY,124.53.144.228
Terry,Bowers,nebku@hu.bn,JO,201.244.22.133
Alvin,Young,nafos@asneohi.be,MR,200.93.218.3
Louisa,Willis,ocibeug@fe.vc,JE,162.147.240.245
William,Phelps,kawalu@pop.ac,FJ,249.143.120.127
Mayme,Hughes,zug@sittaca.sh,ST,92.154.102.57
Vernon,Edwards,ho@elu.bd,IO,27.4.204.40
Larry,Perry,olose@ubaero.mn,SN,116.166.113.104
Adele,Townsend,uh@ek.dj,CK,42.189.236.217
Jayden,Gray,za@ceran.bi,DZ,162.47.211.222
Lola,Collins,gojkuwkeb@sez.bv,UZ,188.242.132.94
Lizzie,Bishop,bo@jupuw.pk,DJ,42.248.61.149
Wayne,Soto,zit@ginhev.nr,BS,59.104.102.116
Caroline,Black,mi@kemgajsik.gh,MS,129.236.152.40
Marion,Poole,duad@ji.ac,AW,86.26.182.51
Lena,Castro,tas@sosocli.vg,PY,163.87.106.18
Cory,Burke,akodupve@zeppafata.gm,CR,235.128.128.9
